REGIMENES

insert into REGIMENES (CODIGO, NOMBRE) values ('AD','Alojamiento Desayuno');
insert into REGIMENES (CODIGO, NOMBRE) values ('MP','Media Pension');
insert into REGIMENES (CODIGO, NOMBRE) values ('PC','Pension Completa');
insert into REGIMENES (CODIGO, NOMBRE) values ('TI','Todo Incluido');


PERSONAS

insert into PERSONAS (NIF, NOMBRE, APELLIDOS, DIRECCION, LOCALIDAD) values ('20871311F','Alberto','Rodriguez Ledesma','c/ Oropéndola','Macotera(Salamanca)');
insert into PERSONAS (NIF, NOMBRE, APELLIDOS, DIRECCION, LOCALIDAD) values ('57249227L','Jesus','Ruiz Ruiz','c/ Alfonso XIII','Ledesma(Salamanca)');
insert into PERSONAS (NIF, NOMBRE, APELLIDOS, DIRECCION, LOCALIDAD) values ('77809698P','Antonio','Sanchez Sanchez','c/ Arapiles','San Bernardo(Salamanca)');

insert into PERSONAS (NIF, NOMBRE, APELLIDOS, DIRECCION, LOCALIDAD) values ('22845490G','Francisco','Vazquez Garcia','c/ Amargura','Aldeavieja(Avila)');
insert into PERSONAS (NIF, NOMBRE, APELLIDOS, DIRECCION, LOCALIDAD) values ('63584881R','Diego','Espada Zamora','c/ Regaderilla','Avellaneda(Avila)');
insert into PERSONAS (NIF, NOMBRE, APELLIDOS, DIRECCION, LOCALIDAD) values ('12318446Z','David','Rubio Perez','c/ Alta','Barajas(Avila)');

insert into PERSONAS (NIF, NOMBRE, APELLIDOS, DIRECCION, LOCALIDAD) values ('83517807T','Rafael','Romero Vazquez','c/ Sol','Langa(Avila)');
insert into PERSONAS (NIF, NOMBRE, APELLIDOS, DIRECCION, LOCALIDAD) values ('58304381W','Joaquin','Valdes Macias','c/ Alicante','Alcobendas(Madrid)');
insert into PERSONAS (NIF, NOMBRE, APELLIDOS, DIRECCION, LOCALIDAD) values ('59230448C','Antonio','Cejas Laurel','c/ Sierra','Getafe(Madrid)');

insert into PERSONAS (NIF, NOMBRE, APELLIDOS, DIRECCION, LOCALIDAD) values ('54725316J','Jesus','Cornejo Romero','c/ Atardecer','Navacerrada(Madrid)');
insert into PERSONAS (NIF, NOMBRE, APELLIDOS, DIRECCION, LOCALIDAD) values ('95720650D','Jesus','Molina Sedano','c/ Formentera','Valdemoro(Madrid)');
insert into PERSONAS (NIF, NOMBRE, APELLIDOS, DIRECCION, LOCALIDAD) values ('43550157W','Francisco','Ponce Villar','c/ Amapola','Parla(Madrid)');


TEMPORADAS

insert into TEMPORADAS (CODIGO, NOMBRE) values ('1','Baja');
insert into TEMPORADAS (CODIGO, NOMBRE) values ('2','Media');
insert into TEMPORADAS (CODIGO, NOMBRE) values ('3','Alta');


TIPOSDEHABITACION

insert into TIPOS_HABITACIONES (CODIGO, NOMBRE) values ('1','Individual');
insert into TIPOS_HABITACIONES (CODIGO, NOMBRE) values ('2','Doble');
insert into TIPOS_HABITACIONES (CODIGO, NOMBRE) values ('3','Suite');


HABITACIONES

insert into HABITACIONES (NUMERO, COD_TIPO) values ('1','1');
insert into HABITACIONES (NUMERO, COD_TIPO) values ('2','2');
insert into HABITACIONES (NUMERO, COD_TIPO) values ('3','1');

insert into HABITACIONES (NUMERO, COD_TIPO) values ('4','3');
insert into HABITACIONES (NUMERO, COD_TIPO) values ('5','2');
insert into HABITACIONES (NUMERO, COD_TIPO) values ('6','3');

insert into HABITACIONES (NUMERO, COD_TIPO) values ('7','1');
insert into HABITACIONES (NUMERO, COD_TIPO) values ('8','3');
insert into HABITACIONES (NUMERO, COD_TIPO) values ('9','3');

insert into HABITACIONES (NUMERO, COD_TIPO) values ('10','2');
insert into HABITACIONES (NUMERO, COD_TIPO) values ('11','1');
insert into HABITACIONES (NUMERO, COD_TIPO) values ('12','3');


TARIFAS

insert into TARIFAS (CODIGO, COD_TIPO_HAB, COD_TEMP, COD_REG, PRECIO_DIA) values ('1','1','1','AD',10.00);
insert into TARIFAS (CODIGO, COD_TIPO_HAB, COD_TEMP, COD_REG, PRECIO_DIA) values ('2','1','1','MP',12.50);
insert into TARIFAS (CODIGO, COD_TIPO_HAB, COD_TEMP, COD_REG, PRECIO_DIA) values ('3','1','1','PC',14.00);

insert into TARIFAS (CODIGO, COD_TIPO_HAB, COD_TEMP, COD_REG, PRECIO_DIA) values ('4','1','1','TI',15.50);
insert into TARIFAS (CODIGO, COD_TIPO_HAB, COD_TEMP, COD_REG, PRECIO_DIA) values ('5','1','2','AD',16.50);
insert into TARIFAS (CODIGO, COD_TIPO_HAB, COD_TEMP, COD_REG, PRECIO_DIA) values ('6','1','2','MP',18.00);

insert into TARIFAS (CODIGO, COD_TIPO_HAB, COD_TEMP, COD_REG, PRECIO_DIA) values ('7','1','2','PC',19.50);
insert into TARIFAS (CODIGO, COD_TIPO_HAB, COD_TEMP, COD_REG, PRECIO_DIA) values ('8','1','2','TI',21.00);
insert into TARIFAS (CODIGO, COD_TIPO_HAB, COD_TEMP, COD_REG, PRECIO_DIA) values ('9','1','3','AD',20.00);

insert into TARIFAS (CODIGO, COD_TIPO_HAB, COD_TEMP, COD_REG, PRECIO_DIA) values ('10','1','3','MP',22.00);
insert into TARIFAS (CODIGO, COD_TIPO_HAB, COD_TEMP, COD_REG, PRECIO_DIA) values ('11','1','3','PC',25.00);
insert into TARIFAS (CODIGO, COD_TIPO_HAB, COD_TEMP, COD_REG, PRECIO_DIA) values ('12','1','3','TI',28.00);

insert into TARIFAS (CODIGO, COD_TIPO_HAB, COD_TEMP, COD_REG, PRECIO_DIA) values ('13','2','1','AD',20.00);
insert into TARIFAS (CODIGO, COD_TIPO_HAB, COD_TEMP, COD_REG, PRECIO_DIA) values ('14','2','1','MP',23.00);
insert into TARIFAS (CODIGO, COD_TIPO_HAB, COD_TEMP, COD_REG, PRECIO_DIA) values ('15','2','1','PC',26.00);

insert into TARIFAS (CODIGO, COD_TIPO_HAB, COD_TEMP, COD_REG, PRECIO_DIA) values ('16','2','1','TI',28.00);
insert into TARIFAS (CODIGO, COD_TIPO_HAB, COD_TEMP, COD_REG, PRECIO_DIA) values ('17','2','2','AD',28.50);
insert into TARIFAS (CODIGO, COD_TIPO_HAB, COD_TEMP, COD_REG, PRECIO_DIA) values ('18','2','2','MP',30.50);

insert into TARIFAS (CODIGO, COD_TIPO_HAB, COD_TEMP, COD_REG, PRECIO_DIA) values ('19','2','2','PC',33.00);
insert into TARIFAS (CODIGO, COD_TIPO_HAB, COD_TEMP, COD_REG, PRECIO_DIA) values ('20','2','2','TI',35.50);
insert into TARIFAS (CODIGO, COD_TIPO_HAB, COD_TEMP, COD_REG, PRECIO_DIA) values ('21','2','3','AD',38.00);

insert into TARIFAS (CODIGO, COD_TIPO_HAB, COD_TEMP, COD_REG, PRECIO_DIA) values ('22','2','3','MP',41.50);
insert into TARIFAS (CODIGO, COD_TIPO_HAB, COD_TEMP, COD_REG, PRECIO_DIA) values ('23','2','3','PC',43.00);
insert into TARIFAS (CODIGO, COD_TIPO_HAB, COD_TEMP, COD_REG, PRECIO_DIA) values ('24','2','3','TI',47.00);

insert into TARIFAS (CODIGO, COD_TIPO_HAB, COD_TEMP, COD_REG, PRECIO_DIA) values ('25','3','1','AD',36.00);
insert into TARIFAS (CODIGO, COD_TIPO_HAB, COD_TEMP, COD_REG, PRECIO_DIA) values ('26','3','1','MP',40.00);
insert into TARIFAS (CODIGO, COD_TIPO_HAB, COD_TEMP, COD_REG, PRECIO_DIA) values ('27','3','1','PC',42.50);

insert into TARIFAS (CODIGO, COD_TIPO_HAB, COD_TEMP, COD_REG, PRECIO_DIA) values ('28','3','1','TI',46.00);
insert into TARIFAS (CODIGO, COD_TIPO_HAB, COD_TEMP, COD_REG, PRECIO_DIA) values ('29','3','2','AD',40.00);
insert into TARIFAS (CODIGO, COD_TIPO_HAB, COD_TEMP, COD_REG, PRECIO_DIA) values ('30','3','2','MP',43.50);

insert into TARIFAS (CODIGO, COD_TIPO_HAB, COD_TEMP, COD_REG, PRECIO_DIA) values ('31','3','2','PC',47.00);
insert into TARIFAS (CODIGO, COD_TIPO_HAB, COD_TEMP, COD_REG, PRECIO_DIA) values ('32','3','2','TI',50.00);
insert into TARIFAS (CODIGO, COD_TIPO_HAB, COD_TEMP, COD_REG, PRECIO_DIA) values ('33','3','3','AD',48.50);

insert into TARIFAS (CODIGO, COD_TIPO_HAB, COD_TEMP, COD_REG, PRECIO_DIA) values ('34','3','3','MP',52.00);
insert into TARIFAS (CODIGO, COD_TIPO_HAB, COD_TEMP, COD_REG, PRECIO_DIA) values ('35','3','3','PC',55.00);
insert into TARIFAS (CODIGO, COD_TIPO_HAB, COD_TEMP, COD_REG, PRECIO_DIA) values ('36','3','3','TI',60.00);


ACTIVIDADES

insert into ACTIVIDADES (CODIGO, NOMBRE, DESCRIPCION, PRECIO_PERS, COMISION_HOTEL, COSTE_PERS_HOTEL) values ('A-1234','BingoFun','Juego del bingo con apuestas',5.00,1.00,2.00);
insert into ACTIVIDADES (CODIGO, NOMBRE, DESCRIPCION, PRECIO_PERS, COMISION_HOTEL, COSTE_PERS_HOTEL) values ('F-2018','Sesion Fotografica','Sesion de fotos para los enamorados',10.00,2.4,4.00);
insert into ACTIVIDADES (CODIGO, NOMBRE, DESCRIPCION, PRECIO_PERS, COMISION_HOTEL, COSTE_PERS_HOTEL) values ('V-3458','Voleibol Playa','Torneos de voley-playa',2.00,0.4,0.50);

insert into ACTIVIDADES (CODIGO, NOMBRE, DESCRIPCION, PRECIO_PERS, COMISION_HOTEL, COSTE_PERS_HOTEL) values ('B-4000','Buceo','Clases básicas para bucear',30.00,7.2,10.00);
insert into ACTIVIDADES (CODIGO, NOMBRE, DESCRIPCION, PRECIO_PERS, COMISION_HOTEL, COSTE_PERS_HOTEL) values ('K-5140','Kayak','Curso de kayak por el lago',25.00,3,8.00);
insert into ACTIVIDADES (CODIGO, NOMBRE, DESCRIPCION, PRECIO_PERS, COMISION_HOTEL, COSTE_PERS_HOTEL) values ('S-6520','Senderismo','Paseo rural por las montañas',7.00,1,2.50);

insert into ACTIVIDADES (CODIGO, NOMBRE, DESCRIPCION, PRECIO_PERS, COMISION_HOTEL, COSTE_PERS_HOTEL) values ('P-7853','SPA','Disfruta con los baños mas relajantes',10.00,2,4.00);
insert into ACTIVIDADES (CODIGO, NOMBRE, DESCRIPCION, PRECIO_PERS, COMISION_HOTEL, COSTE_PERS_HOTEL) values ('M-8975','Masaje Tailandes','Masaje originario de tailandia',15.00,3.00,5.00);


ESTANCIAS

insert into ESTANCIAS (CODIGO, FECHA_INICIO, FECHA_FIN, NUM_HABITACION, NIF_RESPONSABLE, NIF_CLIENTE, COD_REGIMEN) values ('1',to_date('01/01/2018','DD/MM/YYYY'),to_date('03/01/2018 15:30','DD/MM/YYYY HH24:MI'),'1','20871311F','20871311F','AD');
insert into ESTANCIAS (CODIGO, FECHA_INICIO, FECHA_FIN, NUM_HABITACION, NIF_RESPONSABLE, NIF_CLIENTE, COD_REGIMEN) values ('2',to_date('03/01/2018','DD/MM/YYYY'),to_date('08/01/2018 17:00','DD/MM/YYYY HH24:MI'),'2','57249227L','57249227L','PC');
insert into ESTANCIAS (CODIGO, FECHA_INICIO, FECHA_FIN, NUM_HABITACION, NIF_RESPONSABLE, NIF_CLIENTE, COD_REGIMEN) values ('3',to_date('11/01/2018','DD/MM/YYYY'),to_date('15/01/2018 14:30','DD/MM/YYYY HH24:MI'),'3','77809698P','77809698P','PC');

insert into ESTANCIAS (CODIGO, FECHA_INICIO, FECHA_FIN, NUM_HABITACION, NIF_RESPONSABLE, NIF_CLIENTE, COD_REGIMEN) values ('4',to_date('20/01/2018','DD/MM/YYYY'),to_date('24/01/2018 18:25','DD/MM/YYYY HH24:MI'),'4','22845490G','22845490G','TI');
insert into ESTANCIAS (CODIGO, FECHA_INICIO, FECHA_FIN, NUM_HABITACION, NIF_RESPONSABLE, NIF_CLIENTE, COD_REGIMEN) values ('5',to_date('14/02/2018','DD/MM/YYYY'),to_date('15/02/2018 18:30','DD/MM/YYYY HH24:MI'),'5','63584881R','63584881R','AD');
insert into ESTANCIAS (CODIGO, FECHA_INICIO, FECHA_FIN, NUM_HABITACION, NIF_RESPONSABLE, NIF_CLIENTE, COD_REGIMEN) values ('6',to_date('19/02/2018','DD/MM/YYYY'),to_date('21/02/2018 14:45','DD/MM/YYYY HH24:MI'),'6','12318446Z','12318446Z','AD');

insert into ESTANCIAS (CODIGO, FECHA_INICIO, FECHA_FIN, NUM_HABITACION, NIF_RESPONSABLE, NIF_CLIENTE, COD_REGIMEN) values ('7',to_date('05/03/2018','DD/MM/YYYY'),to_date('08/03/2018 17:45','DD/MM/YYYY HH24:MI'),'7','83517807T','83517807T','TI');
insert into ESTANCIAS (CODIGO, FECHA_INICIO, FECHA_FIN, NUM_HABITACION, NIF_RESPONSABLE, NIF_CLIENTE, COD_REGIMEN) values ('8',to_date('12/03/2018','DD/MM/YYYY'),to_date('16/03/2018 13:15','DD/MM/YYYY HH24:MI'),'8','58304381W','58304381W','TI');
insert into ESTANCIAS (CODIGO, FECHA_INICIO, FECHA_FIN, NUM_HABITACION, NIF_RESPONSABLE, NIF_CLIENTE, COD_REGIMEN) values ('9',to_date('16/03/2018','DD/MM/YYYY'),to_date('17/03/2018 15:08','DD/MM/YYYY HH24:MI'),'9','59230448C','59230448C','TI');

insert into ESTANCIAS (CODIGO, FECHA_INICIO, FECHA_FIN, NUM_HABITACION, NIF_RESPONSABLE, NIF_CLIENTE, COD_REGIMEN) values ('10',to_date('20/03/2018','DD/MM/YYYY'),to_date('23/03/2018 19:00','DD/MM/YYYY HH24:MI'),'10','54725316J','54725316J','PC');
insert into ESTANCIAS (CODIGO, FECHA_INICIO, FECHA_FIN, NUM_HABITACION, NIF_RESPONSABLE, NIF_CLIENTE, COD_REGIMEN) values ('11',to_date('13/04/2018','DD/MM/YYYY'),to_date('17/04/2018 15:49','DD/MM/YYYY HH24:MI'),'11','95720650D','95720650D','MP');
insert into ESTANCIAS (CODIGO, FECHA_INICIO, FECHA_FIN, NUM_HABITACION, NIF_RESPONSABLE, NIF_CLIENTE, COD_REGIMEN) values ('12',to_date('01/05/2018','DD/MM/YYYY'),to_date('05/05/2018 20:12','DD/MM/YYYY HH24:MI'),'12','43550157W','43550157W','TI');



GASTOSEXTRAS

insert into GASTOS_EXTRAS (COD_GASTOS, COD_ESTANCIA, FECHA, CONCEPTO, CUANTIA) values ('1','1',to_date('02/01/2018','DD/MM/YYYY'),'Mueble Bar',20.50);
insert into GASTOS_EXTRAS (COD_GASTOS, COD_ESTANCIA, FECHA, CONCEPTO, CUANTIA) values ('2','2',to_date('05/01/2018','DD/MM/YYYY'),'Telefono',1.50);
insert into GASTOS_EXTRAS (COD_GASTOS, COD_ESTANCIA, FECHA, CONCEPTO, CUANTIA) values ('3','3',to_date('14/01/2018','DD/MM/YYYY'),'Wifi',6.00);

insert into GASTOS_EXTRAS (COD_GASTOS, COD_ESTANCIA, FECHA, CONCEPTO, CUANTIA) values ('4','4',to_date('21/01/2018','DD/MM/YYYY'),'Instalaciones Deportivas',15.00);
insert into GASTOS_EXTRAS (COD_GASTOS, COD_ESTANCIA, FECHA, CONCEPTO, CUANTIA) values ('5','5',to_date('14/02/2018','DD/MM/YYYY'),'Zona Ocio',10.50);
insert into GASTOS_EXTRAS (COD_GASTOS, COD_ESTANCIA, FECHA, CONCEPTO, CUANTIA) values ('6','6',to_date('21/02/2018','DD/MM/YYYY'),'Mueble Bar',20.50);

insert into GASTOS_EXTRAS (COD_GASTOS, COD_ESTANCIA, FECHA, CONCEPTO, CUANTIA) values ('7','7',to_date('07/03/2018','DD/MM/YYYY'),'Wifi',6.00);
insert into GASTOS_EXTRAS (COD_GASTOS, COD_ESTANCIA, FECHA, CONCEPTO, CUANTIA) values ('8','8',to_date('15/03/2018','DD/MM/YYYY'),'Wifi',6.00);
insert into GASTOS_EXTRAS (COD_GASTOS, COD_ESTANCIA, FECHA, CONCEPTO, CUANTIA) values ('9','9',to_date('16/03/2018','DD/MM/YYYY'),'Telefono',1.50);

insert into GASTOS_EXTRAS (COD_GASTOS, COD_ESTANCIA, FECHA, CONCEPTO, CUANTIA) values ('10','10',to_date('21/03/2018','DD/MM/YYYY'),'Instalaciones Deportivas',15.00);
insert into GASTOS_EXTRAS (COD_GASTOS, COD_ESTANCIA, FECHA, CONCEPTO, CUANTIA) values ('11','11',to_date('16/04/2018','DD/MM/YYYY'),'Zona Ocio',10.50);
insert into GASTOS_EXTRAS (COD_GASTOS, COD_ESTANCIA, FECHA, CONCEPTO, CUANTIA) values ('12','12',to_date('03/05/2018','DD/MM/YYYY'),'Wifi',6.00);


ACTIVIDADESREALIZADAS

insert into ACTIVIDADES_REALIZADAS (COD_ESTANCIA, COD_ACTIVIDAD, FECHA, NUM_PERSONAS, ABONADO) values ('1','A-1234',to_date('02/01/2018 15:00','DD/MM/YYYY HH24:MI'),'1',1);
insert into ACTIVIDADES_REALIZADAS (COD_ESTANCIA, COD_ACTIVIDAD, FECHA, NUM_PERSONAS, ABONADO) values ('2','P-7853',to_date('05/01/2018 12:15','DD/MM/YYYY HH24:MI'),'2',1);
insert into ACTIVIDADES_REALIZADAS (COD_ESTANCIA, COD_ACTIVIDAD, FECHA, NUM_PERSONAS, ABONADO) values ('3','S-6520',to_date('12/01/2018 18:00','DD/MM/YYYY HH24:MI'),'1',1);

insert into ACTIVIDADES_REALIZADAS (COD_ESTANCIA, COD_ACTIVIDAD, FECHA, NUM_PERSONAS, ABONADO) values ('4','M-8975',to_date('23/01/2018 20:30','DD/MM/YYYY HH24:MI'),'2',0);
insert into ACTIVIDADES_REALIZADAS (COD_ESTANCIA, COD_ACTIVIDAD, FECHA, NUM_PERSONAS, ABONADO) values ('5','F-2018',to_date('14/02/2018 22:00','DD/MM/YYYY HH24:MI'),'2',1);
insert into ACTIVIDADES_REALIZADAS (COD_ESTANCIA, COD_ACTIVIDAD, FECHA, NUM_PERSONAS, ABONADO) values ('6','K-5140',to_date('20/02/2018 11:30','DD/MM/YYYY HH24:MI'),'2',1);

insert into ACTIVIDADES_REALIZADAS (COD_ESTANCIA, COD_ACTIVIDAD, FECHA, NUM_PERSONAS, ABONADO) values ('7','V-3458',to_date('07/03/2018 16:30','DD/MM/YYYY HH24:MI'),'1',0);
insert into ACTIVIDADES_REALIZADAS (COD_ESTANCIA, COD_ACTIVIDAD, FECHA, NUM_PERSONAS, ABONADO) values ('8','B-4000',to_date('14/03/2018 12:15','DD/MM/YYYY HH24:MI'),'2',0);
insert into ACTIVIDADES_REALIZADAS (COD_ESTANCIA, COD_ACTIVIDAD, FECHA, NUM_PERSONAS, ABONADO) values ('9','M-8975',to_date('16/03/2018 20:30','DD/MM/YYYY HH24:MI'),'2',0);

insert into ACTIVIDADES_REALIZADAS (COD_ESTANCIA, COD_ACTIVIDAD, FECHA, NUM_PERSONAS, ABONADO) values ('10','B-4000',to_date('22/03/2018 12:15','DD/MM/YYYY HH24:MI'),'2',1);
insert into ACTIVIDADES_REALIZADAS (COD_ESTANCIA, COD_ACTIVIDAD, FECHA, NUM_PERSONAS, ABONADO) values ('11','S-6520',to_date('15/04/2018 18:00','DD/MM/YYYY HH24:MI'),'1',1);
insert into ACTIVIDADES_REALIZADAS (COD_ESTANCIA, COD_ACTIVIDAD, FECHA, NUM_PERSONAS, ABONADO) values ('12','P-7853',to_date('03/05/2018 12:15','DD/MM/YYYY HH24:MI'),'2',0);


FACTURAS

insert into FACTURAS (NUMERO, COD_ESTANCIA, FECHA) values ('1','1',to_date('03/01/2018','DD/MM/YYYY'));
insert into FACTURAS (NUMERO, COD_ESTANCIA, FECHA) values ('2','2',to_date('08/01/2018','DD/MM/YYYY'));
insert into FACTURAS (NUMERO, COD_ESTANCIA, FECHA) values ('3','3',to_date('15/01/2018','DD/MM/YYYY'));

insert into FACTURAS (NUMERO, COD_ESTANCIA, FECHA) values ('4','4',to_date('24/01/2018','DD/MM/YYYY'));
insert into FACTURAS (NUMERO, COD_ESTANCIA, FECHA) values ('5','5',to_date('15/02/2018','DD/MM/YYYY'));
insert into FACTURAS (NUMERO, COD_ESTANCIA, FECHA) values ('6','6',to_date('21/02/2018','DD/MM/YYYY'));

insert into FACTURAS (NUMERO, COD_ESTANCIA, FECHA) values ('7','7',to_date('08/03/2018','DD/MM/YYYY'));
insert into FACTURAS (NUMERO, COD_ESTANCIA, FECHA) values ('8','8',to_date('16/03/2018','DD/MM/YYYY'));
insert into FACTURAS (NUMERO, COD_ESTANCIA, FECHA) values ('9','9',to_date('17/03/2018','DD/MM/YYYY'));

insert into FACTURAS (NUMERO, COD_ESTANCIA, FECHA) values ('10','10',to_date('23/03/2018','DD/MM/YYYY'));
insert into FACTURAS (NUMERO, COD_ESTANCIA, FECHA) values ('11','11',to_date('17/04/2018','DD/MM/YYYY'));
insert into FACTURAS (NUMERO, COD_ESTANCIA, FECHA) values ('12','12',to_date('05/05/2018','DD/MM/YYYY'));
